"Position","Name","Salary","GameInfo","AvgPointsPerGame","teamAbbrev"
"SF/PF","Kevin Durant",11600,"MEM@GS 12/20/2017 10:30PM ET",49.47,"GS"
"PG","Russell Westbrook",11400,"UTA@OKC 12/20/2017 08:00PM ET",54.725,"OKC"
"PG/SG","James Harden",11000,"LAL@HOU 12/20/2017 08:00PM ET",56.586,"HOU"
"PG/SG","Chris Paul",9800,"LAL@HOU 12/20/2017 08:00PM ET",44.433,"HOU"
"C","Nikola Vucevic",9400,"ORL@CHI 12/20/2017 08:00PM ET",40.169,"ORL"
"PG/SG","Stephen Curry",9300,"MEM@GS 12/20/2017 10:30PM ET",46.924,"GS"
"PG/SG","Victor Oladipo",9200,"IND@ATL 12/20/2017 07:30PM ET",43.167,"IND"
"C","Andre Drummond",9100,"DET@DAL 12/20/2017 08:30PM ET",43.308,"DET"
"C","Karl-Anthony Towns",9000,"MIN@DEN 12/20/2017 09:00PM ET",43.355,"MIN"
"SG","Jimmy Butler",8800,"MIN@DEN 12/20/2017 09:00PM ET",38.5,"MIN"
"PG","Damian Lillard",8500,"SA@POR 12/20/2017 10:00PM ET",44.583,"POR"
"SG/SF","DeMar DeRozan",8300,"TOR@CHA 12/20/2017 07:00PM ET",38.946,"TOR"
"PG","Kyle Lowry",8200,"TOR@CHA 12/20/2017 07:00PM ET",38.143,"TOR"
"C","Nikola Jokic",8100,"MIN@DEN 12/20/2017 09:00PM ET",39.239,"DEN"
"PG","Kyrie Irving",8000,"MIA@BOS 12/20/2017 07:30PM ET",38.661,"BOS"
"PF/C","LaMarcus Aldridge",7800,"SA@POR 12/20/2017 10:00PM ET",39.133,"SA"
"SG/SF","Devin Booker",7800,"PHO@LAC 12/20/2017 10:30PM ET",38.3,"PHO"
"C","Marc Gasol",7700,"MEM@GS 12/20/2017 10:30PM ET",39.742,"MEM"
"C","Dwight Howard",7600,"TOR@CHA 12/20/2017 07:00PM ET",36.408,"CHA"
"PG/SG","Lou Williams",7600,"PHO@LAC 12/20/2017 10:30PM ET",32.58,"LAC"
"SF/PF","Aaron Gordon",7500,"ORL@CHI 12/20/2017 08:00PM ET",35.904,"ORL"
"PF/C","Draymond Green",7500,"MEM@GS 12/20/2017 10:30PM ET",35.94,"GS"
"PF/C","Blake Griffin",7500,"PHO@LAC 12/20/2017 10:30PM ET",43.763,"LAC"
"C","DeAndre Jordan",7500,"PHO@LAC 12/20/2017 10:30PM ET",34.69,"LAC"
"SF","Paul George",7400,"UTA@OKC 12/20/2017 08:00PM ET",38.089,"OKC"
"C","Clint Capela",7400,"LAL@HOU 12/20/2017 08:00PM ET",35.134,"HOU"
"PG","Dennis Schroder",7300,"IND@ATL 12/20/2017 07:30PM ET",35.089,"ATL"
"PF/C","Al Horford",7300,"MIA@BOS 12/20/2017 07:30PM ET",35.767,"BOS"
"PG/SG","Kris Dunn",7200,"ORL@CHI 12/20/2017 08:00PM ET",30.55,"CHI"
"SG","Klay Thompson",7200,"MEM@GS 12/20/2017 10:30PM ET",33.4,"GS"
"PG","Kemba Walker",7100,"TOR@CHA 12/20/2017 07:00PM ET",37.58,"CHA"
"C","Hassan Whiteside",7000,"MIA@BOS 12/20/2017 07:30PM ET",36.95,"MIA"
"PG/SG","Tyreke Evans",7000,"MEM@GS 12/20/2017 10:30PM ET",33.526,"MEM"
"SG/SF","Jonathon Simmons",6900,"ORL@CHI 12/20/2017 08:00PM ET",24.653,"ORL"
"PG/SG","D'Angelo Russell",6800,"SAC@BKN 12/20/2017 07:30PM ET",36.458,"BKN"
"PG/SG","Spencer Dinwiddie",6700,"SAC@BKN 12/20/2017 07:30PM ET",28.25,"BKN"
"SF/PF","Harrison Barnes",6700,"DET@DAL 12/20/2017 08:30PM ET",32.04,"DAL"
"PG","Lonzo Ball",6700,"LAL@HOU 12/20/2017 08:00PM ET",33.259,"LAL"
"C","Myles Turner",6600,"IND@ATL 12/20/2017 07:30PM ET",30.677,"IND"
"PG/SG","Donovan Mitchell",6600,"UTA@OKC 12/20/2017 08:00PM ET",30.169,"UTA"
"PF/C","Paul Millsap",6600,"MIN@DEN 12/20/2017 09:00PM ET",31.828,"DEN"
"SG/SF","Kent Bazemore",6500,"IND@ATL 12/20/2017 07:30PM ET",28.717,"ATL"
"C","Rudy Gobert",6500,"UTA@OKC 12/20/2017 08:00PM ET",30.611,"UTA"
"SG/SF","Brandon Ingram",6500,"LAL@HOU 12/20/2017 08:00PM ET",30.714,"LAL"
"SG/SF","Taurean Prince",6400,"IND@ATL 12/20/2017 07:30PM ET",26.825,"ATL"
"PF/C","Nikola Mirotic",6400,"ORL@CHI 12/20/2017 08:00PM ET",34.083,"CHI"
"PG/SG","CJ McCollum",6400,"SA@POR 12/20/2017 10:00PM ET",33.405,"POR"
"C","Jusuf Nurkic",6400,"SA@POR 12/20/2017 10:00PM ET",30.509,"POR"
"PG","Mike Conley",6300,"MEM@GS 12/20/2017 10:30PM ET",28.771,"MEM"
"C","Steven Adams",6300,"UTA@OKC 12/20/2017 08:00PM ET",30.04,"OKC"
"SF/PF","Tobias Harris",6300,"DET@DAL 12/20/2017 08:30PM ET",29.608,"DET"
"SG","Gary Harris",6300,"MIN@DEN 12/20/2017 09:00PM ET",29.357,"DEN"
"SF/PF","Thaddeus Young",6200,"IND@ATL 12/20/2017 07:30PM ET",28.194,"IND"
"SF/PF","James Johnson",6200,"MIA@BOS 12/20/2017 07:30PM ET",26.455,"MIA"
"SG/SF","Dion Waiters",6200,"MIA@BOS 12/20/2017 07:30PM ET",25.509,"MIA"
"PF/C","Zach Randolph",6200,"SAC@BKN 12/20/2017 07:30PM ET",29.24,"SAC"
"SG/SF","Will Barton",6200,"MIN@DEN 12/20/2017 09:00PM ET",30.784,"DEN"
"SF/PF","T.J. Warren",6200,"PHO@LAC 12/20/2017 10:30PM ET",30.094,"PHO"
"PG","Goran Dragic",6100,"MIA@BOS 12/20/2017 07:30PM ET",29.862,"MIA"
"SF/PF","Rondae Hollis-Jefferson",6100,"SAC@BKN 12/20/2017 07:30PM ET",27.663,"BKN"
"PG","Jeff Teague",6100,"MIN@DEN 12/20/2017 09:00PM ET",31.083,"MIN"
"SF/PF","Kawhi Leonard",6000,"SA@POR 12/20/2017 10:00PM ET",21.833,"SA"
"SF/PF","Andrew Wiggins",6000,"MIN@DEN 12/20/2017 09:00PM ET",28.903,"MIN"
"SG/SF","Josh Richardson",5900,"MIA@BOS 12/20/2017 07:30PM ET",22.117,"MIA"
"PF/C","Serge Ibaka",5900,"TOR@CHA 12/20/2017 07:00PM ET",25.91,"TOR"
"SG","Kentavious Caldwell-Pope",5900,"LAL@HOU 12/20/2017 08:00PM ET",28.29,"LAL"
"PF/C","Taj Gibson",5900,"MIN@DEN 12/20/2017 09:00PM ET",26.798,"MIN"
"SG/SF","Evan Fournier",5800,"ORL@CHI 12/20/2017 08:00PM ET",29.808,"ORL"
"SF/PF","Carmelo Anthony",5800,"UTA@OKC 12/20/2017 08:00PM ET",30.802,"OKC"
"SF/PF","Kyle Kuzma",5800,"LAL@HOU 12/20/2017 08:00PM ET",28.75,"LAL"
"SG/SF","Nicolas Batum",5700,"TOR@CHA 12/20/2017 07:00PM ET",25.5,"CHA"
"PG/SG","Jamal Murray",5700,"MIN@DEN 12/20/2017 09:00PM ET",24.35,"DEN"
"SF/PF","Danilo Gallinari",5700,"PHO@LAC 12/20/2017 10:30PM ET",24.591,"LAC"
"PG/SG","Austin Rivers",5700,"PHO@LAC 12/20/2017 10:30PM ET",25.611,"LAC"
"PG","Darren Collison",5600,"IND@ATL 12/20/2017 07:30PM ET",28.233,"IND"
"SF/PF","Jayson Tatum",5600,"MIA@BOS 12/20/2017 07:30PM ET",26.811,"BOS"
"PG","Elfrid Payton",5600,"ORL@CHI 12/20/2017 08:00PM ET",27.148,"ORL"
"SG/SF","Caris LeVert",5600,"SAC@BKN 12/20/2017 07:30PM ET",24.25,"BKN"
"SG/SF","Rodney Hood",5600,"UTA@OKC 12/20/2017 08:00PM ET",26.5,"UTA"
"PG/SG","J.J. Barea",5600,"DET@DAL 12/20/2017 08:30PM ET",25.282,"DAL"
"PG","Reggie Jackson",5600,"DET@DAL 12/20/2017 08:30PM ET",27.392,"DET"
"PG/SG","Jordan Clarkson",5600,"LAL@HOU 12/20/2017 08:00PM ET",23.438,"LAL"
"PF/C","Alex Len",5600,"PHO@LAC 12/20/2017 10:30PM ET",25.407,"PHO"
"PF/C","Domantas Sabonis",5500,"IND@ATL 12/20/2017 07:30PM ET",26.336,"IND"
"SG/SF","Jaylen Brown",5400,"MIA@BOS 12/20/2017 07:30PM ET",26.54,"BOS"
"PF/C","Kelly Olynyk",5400,"MIA@BOS 12/20/2017 07:30PM ET",21.142,"MIA"
"PF/C","Willie Cauley-Stein",5400,"SAC@BKN 12/20/2017 07:30PM ET",23.865,"SAC"
"SF/PF","Rudy Gay",5400,"SA@POR 12/20/2017 10:00PM ET",24.345,"SA"
"C","Jonas Valanciunas",5400,"TOR@CHA 12/20/2017 07:00PM ET",23.708,"TOR"
"PF/C","Julius Randle",5400,"LAL@HOU 12/20/2017 08:00PM ET",25.018,"LAL"
"PF/C","John Collins",5300,"IND@ATL 12/20/2017 07:30PM ET",24.302,"ATL"
"PF/C","Pau Gasol",5300,"SA@POR 12/20/2017 10:00PM ET",26.967,"SA"
"PF/C","Derrick Favors",5300,"UTA@OKC 12/20/2017 08:00PM ET",25.612,"UTA"
"C","Dewayne Dedmon",5200,"IND@ATL 12/20/2017 07:30PM ET",25.038,"ATL"
"SG/SF","Justin Holiday",5200,"ORL@CHI 12/20/2017 08:00PM ET",27.241,"CHI"
"PG/SF","Kyle Anderson",5200,"SA@POR 12/20/2017 10:00PM ET",24.489,"SA"
"PG/SG","Yogi Ferrell",5200,"DET@DAL 12/20/2017 08:30PM ET",19.355,"DAL"
"PG/SG","Milos Teodosic",5200,"PHO@LAC 12/20/2017 10:30PM ET",20.708,"LAC"
"SF/PF","Ersan Ilyasova",5100,"IND@ATL 12/20/2017 07:30PM ET",20.303,"ATL"
"SG/SF","Marcus Smart",5100,"MIA@BOS 12/20/2017 07:30PM ET",24.363,"BOS"
"PF","Lauri Markkanen",5100,"ORL@CHI 12/20/2017 08:00PM ET",29.75,"CHI"
"PG","Ricky Rubio",5100,"UTA@OKC 12/20/2017 08:00PM ET",26.583,"UTA"
"SG/SF","Danny Green",5000,"SA@POR 12/20/2017 10:00PM ET",21.361,"SA"
"SG/SF","Joe Ingles",5000,"UTA@OKC 12/20/2017 08:00PM ET",25.04,"UTA"
"PG/SG","Avery Bradley",5000,"DET@DAL 12/20/2017 08:30PM ET",24.268,"DET"
"PG/SG","Dennis Smith Jr.",5000,"DET@DAL 12/20/2017 08:30PM ET",26.967,"DAL"
"PG/SG","Tyler Johnson",4900,"MIA@BOS 12/20/2017 07:30PM ET",20.866,"MIA"
"PF","Bobby Portis",4900,"ORL@CHI 12/20/2017 08:00PM ET",25.588,"CHI"
"SF/PF","DeMarre Carroll",4900,"SAC@BKN 12/20/2017 07:30PM ET",27.029,"BKN"
"SG","Eric Gordon",4900,"LAL@HOU 12/20/2017 08:00PM ET",27.204,"HOU"
"SF/PF","Larry Nance Jr.",4900,"LAL@HOU 12/20/2017 08:00PM ET",23.25,"LAL"
"PG/SG","George Hill",4800,"SAC@BKN 12/20/2017 07:30PM ET",19.769,"SAC"
"SG/SF","Trevor Ariza",4800,"LAL@HOU 12/20/2017 08:00PM ET",24.444,"HOU"
"SF/PF","Trey Lyles",4800,"MIN@DEN 12/20/2017 09:00PM ET",15.8,"DEN"
"C","Robin Lopez",4700,"ORL@CHI 12/20/2017 08:00PM ET",24.638,"CHI"
"PG/SG","Zach LaVine",4700,"ORL@CHI 12/20/2017 08:00PM ET",0,"CHI"
"SG","Mario Hezonja",4700,"ORL@CHI 12/20/2017 08:00PM ET",10.375,"ORL"
"PF/C","Jordan Bell",4700,"MEM@GS 12/20/2017 10:30PM ET",13.5,"GS"
"SF/PF","Omri Casspi",4700,"MEM@GS 12/20/2017 10:30PM ET",15.769,"GS"
"SG/SF","Buddy Hield",4700,"SAC@BKN 12/20/2017 07:30PM ET",21.731,"SAC"
"SG/SF","Wesley Matthews",4700,"DET@DAL 12/20/2017 08:30PM ET",23.185,"DAL"
"SG/SF","Jeremy Lamb",4700,"TOR@CHA 12/20/2017 07:00PM ET",26.543,"CHA"
"SF/PF","Marcus Morris",4600,"MIA@BOS 12/20/2017 07:30PM ET",23.281,"BOS"
"PF/C","Bam Adebayo",4600,"MIA@BOS 12/20/2017 07:30PM ET",15.393,"MIA"
"SF/PF","Al-Farouq Aminu",4600,"SA@POR 12/20/2017 10:00PM ET",22.444,"POR"
"SF","Michael Kidd-Gilchrist",4600,"TOR@CHA 12/20/2017 07:00PM ET",20.802,"CHA"
"SF/PF","Wilson Chandler",4600,"MIN@DEN 12/20/2017 09:00PM ET",20.692,"DEN"
"SF/PF","JaMychal Green",4500,"MEM@GS 12/20/2017 10:30PM ET",20.722,"MEM"
"SG/SF","Bogdan Bogdanovic",4500,"SAC@BKN 12/20/2017 07:30PM ET",19.231,"SAC"
"PF/C","Dirk Nowitzki",4500,"DET@DAL 12/20/2017 08:30PM ET",22.911,"DAL"
"C","Brook Lopez",4500,"LAL@HOU 12/20/2017 08:00PM ET",24.705,"LAL"
"PF/C","Greg Monroe",4500,"PHO@LAC 12/20/2017 10:30PM ET",23.103,"PHO"
"PG/SG","Isaiah Canaan",4500,"PHO@LAC 12/20/2017 10:30PM ET",22.833,"PHO"
"SG/SF","Bojan Bogdanovic",4400,"IND@ATL 12/20/2017 07:30PM ET",21.758,"IND"
"SG/SF","Allen Crabbe",4400,"SAC@BKN 12/20/2017 07:30PM ET",21.61,"BKN"
"SG/SF","Lance Stephenson",4300,"IND@ATL 12/20/2017 07:30PM ET",19.75,"IND"
"PG/SG","Terry Rozier",4300,"MIA@BOS 12/20/2017 07:30PM ET",19.909,"BOS"
"PG/SG","David Nwaba",4300,"ORL@CHI 12/20/2017 08:00PM ET",20.132,"CHI"
"SG/SF","Andre Iguodala",4300,"MEM@GS 12/20/2017 10:30PM ET",18.644,"GS"
"PG","De'Aaron Fox",4300,"SAC@BKN 12/20/2017 07:30PM ET",20.25,"SAC"
"PG/SG","Alec Burks",4300,"UTA@OKC 12/20/2017 08:00PM ET",18.292,"UTA"
"PF/C","Ekpe Udoh",4300,"UTA@OKC 12/20/2017 08:00PM ET",12.366,"UTA"
"SF/PF","Marvin Williams",4300,"TOR@CHA 12/20/2017 07:00PM ET",19.317,"CHA"
"C","Tyson Chandler",4300,"PHO@LAC 12/20/2017 10:30PM ET",22.37,"PHO"
"SG/SF","Denzel Valentine",4200,"ORL@CHI 12/20/2017 08:00PM ET",21.767,"CHI"
"PG","Patty Mills",4200,"SA@POR 12/20/2017 10:00PM ET",19.46,"SA"
"PG","Tony Parker",4200,"SA@POR 12/20/2017 10:00PM ET",18.639,"SA"
"PF/C","Ryan Anderson",4200,"LAL@HOU 12/20/2017 08:00PM ET",21.241,"HOU"
"PG/SG","Andrew Harrison",4100,"MEM@GS 12/20/2017 10:30PM ET",14.469,"MEM"
"PG","Dejounte Murray",4100,"SA@POR 12/20/2017 10:00PM ET",17.808,"SA"
"PF/C","Mason Plumlee",4100,"MIN@DEN 12/20/2017 09:00PM ET",18.608,"DEN"
"SG/SF","Wesley Johnson",4100,"PHO@LAC 12/20/2017 10:30PM ET",17.045,"LAC"
"SG/SF","Wayne Ellington",4000,"MIA@BOS 12/20/2017 07:30PM ET",15.95,"MIA"
"PG/SG","Frank Mason III",4000,"SAC@BKN 12/20/2017 07:30PM ET",15.841,"SAC"
"SG/SF","Manu Ginobili",4000,"SA@POR 12/20/2017 10:00PM ET",16.106,"SA"
"PG/SG","Seth Curry",4000,"DET@DAL 12/20/2017 08:30PM ET",0,"DAL"
"PF","Maxi Kleber",4000,"DET@DAL 12/20/2017 08:30PM ET",13.26,"DAL"
"SG/SF","Stanley Johnson",4000,"DET@DAL 12/20/2017 08:30PM ET",16.852,"DET"
"PF/C","Frank Kaminsky",4000,"TOR@CHA 12/20/2017 07:00PM ET",19.222,"CHA"
"PG","Mike James",4000,"PHO@LAC 12/20/2017 10:30PM ET",21.524,"PHO"
"PG","Tyler Ulis",4000,"PHO@LAC 12/20/2017 10:30PM ET",17.968,"PHO"
"PG","Cory Joseph",3900,"IND@ATL 12/20/2017 07:30PM ET",17.871,"IND"
"C","Aron Baynes",3900,"MIA@BOS 12/20/2017 07:30PM ET",15.152,"BOS"
"SF/PF","Justise Winslow",3900,"MIA@BOS 12/20/2017 07:30PM ET",18,"MIA"
"PG/SG","D.J. Augustin",3900,"ORL@CHI 12/20/2017 08:00PM ET",17.292,"ORL"
"PG/SG","Jerian Grant",3900,"ORL@CHI 12/20/2017 08:00PM ET",20.828,"CHI"
"SF/PF","Chandler Parsons",3900,"MEM@GS 12/20/2017 10:30PM ET",18.076,"MEM"
"SG/SF","Joe Harris",3900,"SAC@BKN 12/20/2017 07:30PM ET",17.407,"BKN"
"PG","Ish Smith",3900,"DET@DAL 12/20/2017 08:30PM ET",17.958,"DET"
"PG/SG","Langston Galloway",3900,"DET@DAL 12/20/2017 08:30PM ET",12.116,"DET"
"PF","Pascal Siakam",3900,"TOR@CHA 12/20/2017 07:00PM ET",17.25,"TOR"
"SG","Troy Daniels",3900,"PHO@LAC 12/20/2017 10:30PM ET",11.453,"PHO"
"SG/SF","Josh Jackson",3900,"PHO@LAC 12/20/2017 10:30PM ET",17.172,"PHO"
"PF","Tyler Cavanaugh",3800,"IND@ATL 12/20/2017 07:30PM ET",12.145,"ATL"
"PG","Mario Chalmers",3800,"MEM@GS 12/20/2017 10:30PM ET",18.371,"MEM"
"C","Jahlil Okafor",3800,"SAC@BKN 12/20/2017 07:30PM ET",13.75,"BKN"
"PF/C","Ed Davis",3800,"SA@POR 12/20/2017 10:00PM ET",15.775,"POR"
"SG/SF","Evan Turner",3800,"SA@POR 12/20/2017 10:00PM ET",17.65,"POR"
"SG/SF","Joe Johnson",3800,"UTA@OKC 12/20/2017 08:00PM ET",11.955,"UTA"
"SG/SF","Reggie Bullock",3800,"DET@DAL 12/20/2017 08:30PM ET",10.266,"DET"
"PF/C","Jakob Poeltl",3800,"TOR@CHA 12/20/2017 07:00PM ET",15.58,"TOR"
"C","Cody Zeller",3800,"TOR@CHA 12/20/2017 07:00PM ET",17.882,"CHA"
"SG/SF","C.J. Miles",3800,"TOR@CHA 12/20/2017 07:00PM ET",16.365,"TOR"
"SF/PF","P.J. Tucker",3800,"LAL@HOU 12/20/2017 08:00PM ET",18.026,"HOU"
"PF/C","Kenneth Faried",3800,"MIN@DEN 12/20/2017 09:00PM ET",15.59,"DEN"
"PG","Emmanuel Mudiay",3800,"MIN@DEN 12/20/2017 09:00PM ET",18.405,"DEN"
"PG","Jawun Evans",3800,"PHO@LAC 12/20/2017 10:30PM ET",11.432,"LAC"
"SF/PF","Sam Dekker",3800,"PHO@LAC 12/20/2017 10:30PM ET",8.92,"LAC"
"SG","Marco Belinelli",3700,"IND@ATL 12/20/2017 07:30PM ET",20.042,"ATL"
"SG/SF","Glenn Robinson III",3700,"IND@ATL 12/20/2017 07:30PM ET",0,"IND"
"PF/C","Jordan Mickey",3700,"MIA@BOS 12/20/2017 07:30PM ET",12.889,"MIA"
"SG/SF","Arron Afflalo",3700,"ORL@CHI 12/20/2017 08:00PM ET",5.693,"ORL"
"SG/SF","Dillon Brooks",3700,"MEM@GS 12/20/2017 10:30PM ET",15.85,"MEM"
"SF/PF","Jonas Jerebko",3700,"UTA@OKC 12/20/2017 08:00PM ET",14.413,"UTA"
"SG","Luke Kennard",3700,"DET@DAL 12/20/2017 08:30PM ET",11.57,"DET"
"PG","Fred VanVleet",3700,"TOR@CHA 12/20/2017 07:00PM ET",14.723,"TOR"
"SF/PF","OG Anunoby",3700,"TOR@CHA 12/20/2017 07:00PM ET",12.688,"TOR"
"SG","Jamal Crawford",3700,"MIN@DEN 12/20/2017 09:00PM ET",15.04,"MIN"
"PF/C","Marquese Chriss",3700,"PHO@LAC 12/20/2017 10:30PM ET",16.406,"PHO"
"SF/PF","Jamil Wilson",3700,"PHO@LAC 12/20/2017 10:30PM ET",11.659,"LAC"
"PG/SG","Shaun Livingston",3600,"MEM@GS 12/20/2017 10:30PM ET",11.038,"GS"
"PG/SG","Garrett Temple",3600,"SAC@BKN 12/20/2017 07:30PM ET",16,"SAC"
"PG/SG","Nik Stauskas",3600,"SAC@BKN 12/20/2017 07:30PM ET",6.563,"BKN"
"C","Kosta Koufos",3600,"SAC@BKN 12/20/2017 07:30PM ET",16.302,"SAC"
"PG/SG","Devin Harris",3600,"DET@DAL 12/20/2017 08:30PM ET",16.66,"DAL"
"SF/PF","Anthony Tolliver",3600,"DET@DAL 12/20/2017 08:30PM ET",13.852,"DET"
"SG/SF","Norman Powell",3600,"TOR@CHA 12/20/2017 07:00PM ET",15.958,"TOR"
"SG/SF","Torrey Craig",3600,"MIN@DEN 12/20/2017 09:00PM ET",14.75,"DEN"
"PF/C","Montrezl Harrell",3600,"PHO@LAC 12/20/2017 10:30PM ET",12.935,"LAC"
"SG/SF","DeAndre' Bembry",3500,"IND@ATL 12/20/2017 07:30PM ET",12.078,"ATL"
"PG/SG","Malcolm Delaney",3500,"IND@ATL 12/20/2017 07:30PM ET",11.682,"ATL"
"SG/SF","Terrence Ross",3500,"ORL@CHI 12/20/2017 08:00PM ET",18.795,"ORL"
"PF/C","David West",3500,"MEM@GS 12/20/2017 10:30PM ET",16.875,"GS"
"C","Tyler Zeller",3500,"SAC@BKN 12/20/2017 07:30PM ET",16.881,"BKN"
"PG/SG","Shabazz Napier",3500,"SA@POR 12/20/2017 10:00PM ET",14.04,"POR"
"SG/SF","Andre Roberson",3500,"UTA@OKC 12/20/2017 08:00PM ET",15.652,"OKC"
"SG/SF","Thabo Sefolosha",3500,"UTA@OKC 12/20/2017 08:00PM ET",17.517,"UTA"
"SG/SF","Alex Abrines",3500,"UTA@OKC 12/20/2017 08:00PM ET",9.857,"OKC"
"SF/PF","Jerami Grant",3500,"UTA@OKC 12/20/2017 08:00PM ET",16.672,"OKC"
"PG/SG","Delon Wright",3500,"TOR@CHA 12/20/2017 07:00PM ET",15.922,"TOR"
"PF/C","Gorgui Dieng",3500,"MIN@DEN 12/20/2017 09:00PM ET",15.464,"MIN"
"PF/C","Daniel Theis",3400,"MIA@BOS 12/20/2017 07:30PM ET",11.734,"BOS"
"SF/PF","Jonathan Isaac",3400,"ORL@CHI 12/20/2017 08:00PM ET",15.173,"ORL"
"PG/SF","Patrick McCaw",3400,"MEM@GS 12/20/2017 10:30PM ET",9.18,"GS"
"PF/C","Jarell Martin",3400,"MEM@GS 12/20/2017 10:30PM ET",10.973,"MEM"
"SF/PF","Kevon Looney",3400,"MEM@GS 12/20/2017 10:30PM ET",8.663,"GS"
"PF/C","Jarrett Allen",3400,"SAC@BKN 12/20/2017 07:30PM ET",13.175,"BKN"
"PG/SG","Bryn Forbes",3400,"SA@POR 12/20/2017 10:00PM ET",11.45,"SA"
"SF/PF","Davis Bertans",3400,"SA@POR 12/20/2017 10:00PM ET",9.596,"SA"
"SG","Brandon Paul",3400,"SA@POR 12/20/2017 10:00PM ET",8.466,"SA"
"PF/C","Noah Vonleh",3400,"SA@POR 12/20/2017 10:00PM ET",14.761,"POR"
"PF/C","Zach Collins",3400,"SA@POR 12/20/2017 10:00PM ET",8.232,"POR"
"SF/PF","Maurice Harkless",3400,"SA@POR 12/20/2017 10:00PM ET",12.85,"POR"
"PG","Raul Neto",3400,"UTA@OKC 12/20/2017 08:00PM ET",9.847,"UTA"
"SG/SF","Corey Brewer",3400,"LAL@HOU 12/20/2017 08:00PM ET",6.652,"LAL"
"SF/PF","Nemanja Bjelica",3400,"MIN@DEN 12/20/2017 09:00PM ET",13.514,"MIN"
"SF/PF","Dragan Bender",3400,"PHO@LAC 12/20/2017 10:30PM ET",12.914,"PHO"
"PG","Isaiah Taylor",3300,"IND@ATL 12/20/2017 07:30PM ET",11.565,"ATL"
"C","Miles Plumlee",3300,"IND@ATL 12/20/2017 07:30PM ET",10.568,"ATL"
"PG","Shane Larkin",3300,"MIA@BOS 12/20/2017 07:30PM ET",8.135,"BOS"
"PG/SG","Shelvin Mack",3300,"ORL@CHI 12/20/2017 08:00PM ET",14.01,"ORL"
"SG/SF","Paul Zipser",3300,"ORL@CHI 12/20/2017 08:00PM ET",9.808,"CHI"
"SG/SF","James Ennis III",3300,"MEM@GS 12/20/2017 10:30PM ET",14.25,"MEM"
"SG","Nick Young",3300,"MEM@GS 12/20/2017 10:30PM ET",10.821,"GS"
"SG/SF","Ben McLemore",3300,"MEM@GS 12/20/2017 10:30PM ET",12.263,"MEM"
"C","Zaza Pachulia",3300,"MEM@GS 12/20/2017 10:30PM ET",14.6,"GS"
"PF/C","Skal Labissiere",3300,"SAC@BKN 12/20/2017 07:30PM ET",14.796,"SAC"
"SF/PF","Jakarr Sampson",3300,"SAC@BKN 12/20/2017 07:30PM ET",13.75,"SAC"
"PF/C","Quincy Acy",3300,"SAC@BKN 12/20/2017 07:30PM ET",12.063,"BKN"
"PF/C","Meyers Leonard",3300,"SA@POR 12/20/2017 10:00PM ET",11.091,"POR"
"SG/SF","Pat Connaughton",3300,"SA@POR 12/20/2017 10:00PM ET",11.283,"POR"
"PF/C","Patrick Patterson",3300,"UTA@OKC 12/20/2017 08:00PM ET",8.042,"OKC"
"PF/C","Dwight Powell",3300,"DET@DAL 12/20/2017 08:30PM ET",16,"DAL"
"C","Boban Marjanovic",3300,"DET@DAL 12/20/2017 08:30PM ET",10.281,"DET"
"PG","Michael Carter-Williams",3300,"TOR@CHA 12/20/2017 07:00PM ET",13.447,"CHA"
"C","Lucas Nogueira",3300,"TOR@CHA 12/20/2017 07:00PM ET",11.265,"TOR"
"C","Ivica Zubac",3300,"LAL@HOU 12/20/2017 08:00PM ET",1.333,"LAL"
"C","Nene Hilario",3300,"LAL@HOU 12/20/2017 08:00PM ET",14.417,"HOU"
"PG/SG","Tyus Jones",3300,"MIN@DEN 12/20/2017 09:00PM ET",12.476,"MIN"
"SG/SF","Shabazz Muhammad",3300,"MIN@DEN 12/20/2017 09:00PM ET",7.25,"MIN"
"SF/PF","Juancho Hernangomez",3300,"MIN@DEN 12/20/2017 09:00PM ET",8.833,"DEN"
"SG","C.J. Williams",3300,"PHO@LAC 12/20/2017 10:30PM ET",8.656,"LAC"
"PF/C","Al Jefferson",3200,"IND@ATL 12/20/2017 07:30PM ET",15.5,"IND"
"SG/SF","Semi Ojeleye",3200,"MIA@BOS 12/20/2017 07:30PM ET",6.32,"BOS"
"SG/SF","Wes Iwundu",3200,"ORL@CHI 12/20/2017 08:00PM ET",5.885,"ORL"
"C","JaVale McGee",3200,"MEM@GS 12/20/2017 10:30PM ET",8.769,"GS"
"PG/SG","Isaiah Whitehead",3200,"SAC@BKN 12/20/2017 07:30PM ET",13.75,"BKN"
"PF","Caleb Swanigan",3200,"SA@POR 12/20/2017 10:00PM ET",7.607,"POR"
"SF/PF","Luc Richard Mbah a Moute",3200,"LAL@HOU 12/20/2017 08:00PM ET",15.948,"HOU"
"SG","Malik Beasley",3200,"MIN@DEN 12/20/2017 09:00PM ET",7.385,"DEN"
"PF","Jared Dudley",3200,"PHO@LAC 12/20/2017 10:30PM ET",11.5,"PHO"
"SF/PF","Luke Babbitt",3100,"IND@ATL 12/20/2017 07:30PM ET",12.796,"ATL"
"PF/C","Bismack Biyombo",3100,"ORL@CHI 12/20/2017 08:00PM ET",12.194,"ORL"
"PG","Antonio Blakeney",3100,"ORL@CHI 12/20/2017 08:00PM ET",10.682,"CHI"
"PG","Quinn Cook",3100,"MEM@GS 12/20/2017 10:30PM ET",6.781,"GS"
"SG/SF","Vince Carter",3100,"SAC@BKN 12/20/2017 07:30PM ET",8.263,"SAC"
"PG/SG","Raymond Felton",3100,"UTA@OKC 12/20/2017 08:00PM ET",13.942,"OKC"
"PG","Bobby Brown",3100,"LAL@HOU 12/20/2017 08:00PM ET",4.292,"HOU"
"C","Mike Muscala",3000,"IND@ATL 12/20/2017 07:30PM ET",16.333,"ATL"
"SG/SF","Damien Wilkins",3000,"IND@ATL 12/20/2017 07:30PM ET",2.893,"IND"
"SF","Alex Poythress",3000,"IND@ATL 12/20/2017 07:30PM ET",1.929,"IND"
"PG","Edmond Sumner",3000,"IND@ATL 12/20/2017 07:30PM ET",0,"IND"
"PG/SG","Joe Young",3000,"IND@ATL 12/20/2017 07:30PM ET",4.141,"IND"
"PF/C","Ike Anigbogu",3000,"IND@ATL 12/20/2017 07:30PM ET",2,"IND"
"PG/SG","Tyler Dorsey",3000,"IND@ATL 12/20/2017 07:30PM ET",4.05,"ATL"
"PG","Josh Magette",3000,"IND@ATL 12/20/2017 07:30PM ET",6.188,"ATL"
"SF/PF","TJ Leaf",3000,"IND@ATL 12/20/2017 07:30PM ET",6.39,"IND"
"PG/SG","Derrick Walton Jr.",3000,"MIA@BOS 12/20/2017 07:30PM ET",1.929,"MIA"
"SF/PF","Okaro White",3000,"MIA@BOS 12/20/2017 07:30PM ET",8.45,"MIA"
"SG/SF","Rodney McGruder",3000,"MIA@BOS 12/20/2017 07:30PM ET",0,"MIA"
"SG","Matt Williams Jr.",3000,"MIA@BOS 12/20/2017 07:30PM ET",0,"MIA"
"C","A.J. Hammons",3000,"MIA@BOS 12/20/2017 07:30PM ET",0,"MIA"
"PF/C","Udonis Haslem",3000,"MIA@BOS 12/20/2017 07:30PM ET",1.875,"MIA"
"SG/SF","Gordon Hayward",3000,"MIA@BOS 12/20/2017 07:30PM ET",3.25,"BOS"
"PF/C","Guerschon Yabusele",3000,"MIA@BOS 12/20/2017 07:30PM ET",4.85,"BOS"
"SG","Jabari Bird",3000,"MIA@BOS 12/20/2017 07:30PM ET",3.667,"BOS"
"PF","Abdel Nader",3000,"MIA@BOS 12/20/2017 07:30PM ET",3.911,"BOS"
"SG","Kadeem Allen",3000,"MIA@BOS 12/20/2017 07:30PM ET",3,"BOS"
"PF/C","Marreese Speights",3000,"ORL@CHI 12/20/2017 08:00PM ET",12.273,"ORL"
"PF","Adreian Payne",3000,"ORL@CHI 12/20/2017 08:00PM ET",0,"ORL"
"SG/SF","Jamel Artis",3000,"ORL@CHI 12/20/2017 08:00PM ET",0.417,"ORL"
"PF/C","Khem Birch",3000,"ORL@CHI 12/20/2017 08:00PM ET",2,"ORL"
"PF/C","Cristiano Felicio",3000,"ORL@CHI 12/20/2017 08:00PM ET",9.107,"CHI"
"SG/SF","Quincy Pondexter",3000,"ORL@CHI 12/20/2017 08:00PM ET",5.781,"CHI"
"PG/SG","Cameron Payne",3000,"ORL@CHI 12/20/2017 08:00PM ET",0,"CHI"
"PG","Ryan Arcidiacono",3000,"ORL@CHI 12/20/2017 08:00PM ET",1.5,"CHI"
"PG","Kay Felder",3000,"ORL@CHI 12/20/2017 08:00PM ET",7.5,"CHI"
"SG","Kobi Simmons",3000,"MEM@GS 12/20/2017 10:30PM ET",3.25,"MEM"
"PF","Vince Hunter",3000,"MEM@GS 12/20/2017 10:30PM ET",3,"MEM"
"PF/C","Deyonta Davis",3000,"MEM@GS 12/20/2017 10:30PM ET",10.574,"MEM"
"PG/SG","Wayne Selden Jr.",3000,"MEM@GS 12/20/2017 10:30PM ET",8.25,"MEM"
"PF/C","Brandan Wright",3000,"MEM@GS 12/20/2017 10:30PM ET",13.234,"MEM"
"PF/C","Ivan Rabb",3000,"MEM@GS 12/20/2017 10:30PM ET",0.75,"MEM"
"C","Damian Jones",3000,"MEM@GS 12/20/2017 10:30PM ET",0,"GS"
"PF","Chris Boucher",3000,"MEM@GS 12/20/2017 10:30PM ET",0,"GS"
"PF","Jack Cooley",3000,"SAC@BKN 12/20/2017 07:30PM ET",4.75,"SAC"
"SG/SF","Justin Jackson",3000,"SAC@BKN 12/20/2017 07:30PM ET",9.7,"SAC"
"C","Georgios Papagiannis",3000,"SAC@BKN 12/20/2017 07:30PM ET",7.167,"SAC"
"SG/SF","Malachi Richardson",3000,"SAC@BKN 12/20/2017 07:30PM ET",6.654,"SAC"
"PF/C","Harry Giles",3000,"SAC@BKN 12/20/2017 07:30PM ET",0,"SAC"
"PG","Jacob Wiley",3000,"SAC@BKN 12/20/2017 07:30PM ET",4.65,"BKN"
"PG/SG","Jeremy Lin",3000,"SAC@BKN 12/20/2017 07:30PM ET",23,"BKN"
"C","Timofey Mozgov",3000,"SAC@BKN 12/20/2017 07:30PM ET",10.476,"BKN"
"SG","Yakuba Ouattara",3000,"SAC@BKN 12/20/2017 07:30PM ET",0,"BKN"
"PG","Milton Doyle",3000,"SAC@BKN 12/20/2017 07:30PM ET",0,"BKN"
"PF/C","Joffrey Lauvergne",3000,"SA@POR 12/20/2017 10:00PM ET",9.779,"SA"
"PF","Matt Costello",3000,"SA@POR 12/20/2017 10:00PM ET",12.25,"SA"
"PG","Derrick White",3000,"SA@POR 12/20/2017 10:00PM ET",6.65,"SA"
"SG/SF","Darrun Hilliard",3000,"SA@POR 12/20/2017 10:00PM ET",3.3,"SA"
"SF/PF","Jake Layman",3000,"SA@POR 12/20/2017 10:00PM ET",3.692,"POR"
"SG/SF","CJ Wilcox",3000,"SA@POR 12/20/2017 10:00PM ET",0,"POR"
"PG/SG","Wade Baldwin IV",3000,"SA@POR 12/20/2017 10:00PM ET",0,"POR"
"PG","Nate Wolters",3000,"UTA@OKC 12/20/2017 08:00PM ET",1,"UTA"
"PG/SG","Dante Exum",3000,"UTA@OKC 12/20/2017 08:00PM ET",0,"UTA"
"SF","Royce O'Neale",3000,"UTA@OKC 12/20/2017 08:00PM ET",7.033,"UTA"
"C","Tony Bradley",3000,"UTA@OKC 12/20/2017 08:00PM ET",1.938,"UTA"
"SF/PF","Eric Griffin",3000,"UTA@OKC 12/20/2017 08:00PM ET",0,"UTA"
"SF","Daniel Hamilton",3000,"UTA@OKC 12/20/2017 08:00PM ET",0,"OKC"
"PF/C","Nick Collison",3000,"UTA@OKC 12/20/2017 08:00PM ET",3.679,"OKC"
"SG/SF","Kyle Singler",3000,"UTA@OKC 12/20/2017 08:00PM ET",4.25,"OKC"
"C","Dakari Johnson",3000,"UTA@OKC 12/20/2017 08:00PM ET",6.375,"OKC"
"SG/SF","Terrance Ferguson",3000,"UTA@OKC 12/20/2017 08:00PM ET",2.355,"OKC"
"SF/PF","Josh Huestis",3000,"UTA@OKC 12/20/2017 08:00PM ET",6.677,"OKC"
"PG/SG","PJ Dozier",3000,"UTA@OKC 12/20/2017 08:00PM ET",0,"OKC"
"PF/C","Henry Ellenson",3000,"DET@DAL 12/20/2017 08:30PM ET",9.325,"DET"
"PF/C","Eric Moreland",3000,"DET@DAL 12/20/2017 08:30PM ET",9.077,"DET"
"PF/C","Jon Leuer",3000,"DET@DAL 12/20/2017 08:30PM ET",11.813,"DET"
"SF","Luis Montero",3000,"DET@DAL 12/20/2017 08:30PM ET",0,"DET"
"PG","Dwight Buycks",3000,"DET@DAL 12/20/2017 08:30PM ET",0,"DET"
"SG","Antonius Cleveland",3000,"DET@DAL 12/20/2017 08:30PM ET",4.045,"DAL"
"C","Salah Mejri",3000,"DET@DAL 12/20/2017 08:30PM ET",11.49,"DAL"
"SF","Dorian Finney-Smith",3000,"DET@DAL 12/20/2017 08:30PM ET",5.875,"DAL"
"PF/C","Johnathan Motley",3000,"DET@DAL 12/20/2017 08:30PM ET",7.25,"DAL"
"PF","Nerlens Noel",3000,"DET@DAL 12/20/2017 08:30PM ET",12.132,"DAL"
"C","Jeff Withey",3000,"DET@DAL 12/20/2017 08:30PM ET",3.722,"DAL"
"PF/C","Josh McRoberts",3000,"DET@DAL 12/20/2017 08:30PM ET",0,"DAL"
"SG","Kyle Collinsworth",3000,"DET@DAL 12/20/2017 08:30PM ET",0,"DAL"
"PG/SG","Malik Monk",3000,"TOR@CHA 12/20/2017 07:00PM ET",11.048,"CHA"
"SG/SF","Dwayne Bacon",3000,"TOR@CHA 12/20/2017 07:00PM ET",9.306,"CHA"
"PF/C","Johnny O'Bryant III",3000,"TOR@CHA 12/20/2017 07:00PM ET",9.484,"CHA"
"PG/SG","Julyan Stone",3000,"TOR@CHA 12/20/2017 07:00PM ET",7.667,"CHA"
"SG/SF","Treveon Graham",3000,"TOR@CHA 12/20/2017 07:00PM ET",10.461,"CHA"
"PF/C","Mangok Mathiang",3000,"TOR@CHA 12/20/2017 07:00PM ET",1.875,"CHA"
"PG","Marcus Paige",3000,"TOR@CHA 12/20/2017 07:00PM ET",2.5,"CHA"
"PF","Alfonzo McKinnie",3000,"TOR@CHA 12/20/2017 07:00PM ET",2.528,"TOR"
"SF","Bruno Caboclo",3000,"TOR@CHA 12/20/2017 07:00PM ET",2.375,"TOR"
"PG","Lorenzo Brown",3000,"TOR@CHA 12/20/2017 07:00PM ET",3.688,"TOR"
"PF","Malcolm Miller",3000,"TOR@CHA 12/20/2017 07:00PM ET",0,"TOR"
"SF/PF","Luol Deng",3000,"LAL@HOU 12/20/2017 08:00PM ET",5,"LAL"
"PG/SG","Vander Blue",3000,"LAL@HOU 12/20/2017 08:00PM ET",0.938,"LAL"
"PG/SG","Alex Caruso",3000,"LAL@HOU 12/20/2017 08:00PM ET",4.75,"LAL"
"PG/SG","Josh Hart",3000,"LAL@HOU 12/20/2017 08:00PM ET",9.217,"LAL"
"PG/SG","Tyler Ennis",3000,"LAL@HOU 12/20/2017 08:00PM ET",4.396,"LAL"
"C","Andrew Bogut",3000,"LAL@HOU 12/20/2017 08:00PM ET",7.533,"LAL"
"PF/C","Thomas Bryant",3000,"LAL@HOU 12/20/2017 08:00PM ET",0,"LAL"
"PF/C","Tarik Black",3000,"LAL@HOU 12/20/2017 08:00PM ET",7.42,"HOU"
"PF/C","Zhou Qi",3000,"LAL@HOU 12/20/2017 08:00PM ET",3.731,"HOU"
"SG","Troy Williams",3000,"LAL@HOU 12/20/2017 08:00PM ET",3.25,"HOU"
"PG","Briante Weber",3000,"LAL@HOU 12/20/2017 08:00PM ET",1.688,"HOU"
"PG","Demetrius Jackson",3000,"LAL@HOU 12/20/2017 08:00PM ET",2.854,"HOU"
"PF/C","Chinanu Onuaku",3000,"LAL@HOU 12/20/2017 08:00PM ET",0,"HOU"
"C","Cole Aldrich",3000,"MIN@DEN 12/20/2017 09:00PM ET",1.625,"MIN"
"C","Justin Patton",3000,"MIN@DEN 12/20/2017 09:00PM ET",0,"MIN"
"SG/SF","Anthony Brown",3000,"MIN@DEN 12/20/2017 09:00PM ET",0,"MIN"
"PG/SG","Aaron Brooks",3000,"MIN@DEN 12/20/2017 09:00PM ET",4.25,"MIN"
"SG/SF","Marcus Georges-Hunt",3000,"MIN@DEN 12/20/2017 09:00PM ET",1.667,"MIN"
"PF","Tyler Lydon",3000,"MIN@DEN 12/20/2017 09:00PM ET",0,"DEN"
"SF/PF","Richard Jefferson",3000,"MIN@DEN 12/20/2017 09:00PM ET",3.219,"DEN"
"PG","Monte Morris",3000,"MIN@DEN 12/20/2017 09:00PM ET",1.5,"DEN"
"PF","Darrell Arthur",3000,"MIN@DEN 12/20/2017 09:00PM ET",3.938,"DEN"
"PF","Alec Peters",3000,"PHO@LAC 12/20/2017 10:30PM ET",3.75,"PHO"
"SG/SF","Danuel House",3000,"PHO@LAC 12/20/2017 10:30PM ET",6.313,"PHO"
"C","Alan Williams",3000,"PHO@LAC 12/20/2017 10:30PM ET",0,"PHO"
"SG/SF","Davon Reed",3000,"PHO@LAC 12/20/2017 10:30PM ET",0,"PHO"
"PG/SG","Brandon Knight",3000,"PHO@LAC 12/20/2017 10:30PM ET",0,"PHO"
"PF/C","Brice Johnson",3000,"PHO@LAC 12/20/2017 10:30PM ET",5.969,"LAC"
"SG","Sindarius Thornwell",3000,"PHO@LAC 12/20/2017 10:30PM ET",8.629,"LAC"
"C","Willie Reed",3000,"PHO@LAC 12/20/2017 10:30PM ET",9.927,"LAC"
"PG/SG","Patrick Beverley",3000,"PHO@LAC 12/20/2017 10:30PM ET",25.977,"LAC"
